{
    "accuracy": 0.9632867132867133,
    "precision": 0.04285714285714286,
    "recall": 0.1111111111111111,
    "f1_score": 0.061855670103092786,
    "confusion_matrix": [
        [
            7154,
            201
        ],
        [
            72,
            9
        ]
    ],
    "roc_auc": 0.5418913815242843,
    "training_time": 3.623530387878418,
    "model_version": "1.0.0",
    "training_date": "2024-12-11 19:01:18"
}