{
    "accuracy": 0.9495696611081227,
    "precision": 0.03481012658227848,
    "recall": 0.13580246913580246,
    "f1_score": 0.055415617128463476,
    "confusion_matrix": [
        [
            7050,
            305
        ],
        [
            70,
            11
        ]
    ],
    "roc_auc": 0.6701840521690963,
    "training_time": 48.93080163002014,
    "model_version": "1.0.0",
    "training_date": "2024-12-11 19:02:10"
}