{
    "accuracy": 0.5940021516944594,
    "precision": 0.015181518151815182,
    "recall": 0.5679012345679012,
    "f1_score": 0.029572484731597556,
    "confusion_matrix": [
        [
            4371,
            2984
        ],
        [
            35,
            46
        ]
    ],
    "roc_auc": 0.6053579071933932,
    "training_time": 177.4231698513031,
    "model_version": "1.0.0",
    "training_date": "2024-12-11 19:01:14"
}