{
    "accuracy": 0.9870898332436794,
    "precision": 0.2222222222222222,
    "recall": 0.07407407407407407,
    "f1_score": 0.1111111111111111,
    "confusion_matrix": [
        [
            7334,
            21
        ],
        [
            75,
            6
        ]
    ],
    "roc_auc": 0.7103859808142609,
    "training_time": 3.2782418727874756,
    "model_version": "1.0.0",
    "training_date": "2024-12-11 19:01:21"
}